Registry,Assignment,Organization Name,Organization Address,Protocol
Ethertype,891C,Martin Professional A/S,Olof Palmes Allé 18 Århus N Midtjylland DK 8200 ,"This protocol is used for high bandwidth, low latency transmission of video data to video wall display devices over an Ethernet network. The protocol is proprietary to Martin Professional A/S, refer to www.martin.dk for further information."
Ethertype,893C,Coraid Inc.,"255 Shoreline Drive, Suite 650 Redwood City CA - California US 94065 ","The Coraid Ethernet Console (CEC) protocol defines and implements a bidirectional conversation over raw ethernet frames with provisions for retransmission and discovery.  The CEC protocol is integrated with a console server and CEC clients in its first implementation, providing a central management solution for Coraid's appliances.

http://sources.coraid.com/magic/man2html/8/cec"
Ethertype,909B,"VisionVera Information Technology Company, Ltd","Gehua Building A1105, Dong Cheng District, Beijing Beijing Beijing CN 100007 ",V2V protocol invented by VisionVera.  
Ethertype,BC19,DarkMatter L.L.C,"Level 15, Aldar HQ Abu Dhabi  AE 27655 ",Protocol unavailable.
Ethertype,8749,Hybrid,20863 Stevens Creek Blvd. Cupertino CA US 95014-8750 ,Protocol unavailable.
Ethertype,874C,Hybrid,20863 Stevens Creek Blvd. Cupertino CA US 95014-8750 ,Protocol unavailable.
Ethertype,874E,Hybrid,20863 Stevens Creek Blvd. Cupertino CA US 95014-8750 ,Protocol unavailable.
Ethertype,802E,Tymshare,Network Technology Division  Cupertino US CA ,Protocol unavailable.
Ethertype,8740,Siemens  AG,Otto-Han-Ring-6 Munich  DE D-81739 ,Protocol unavailable.
Ethertype,88D8,Metro Ethernet Forum,1300 Bristol St. N. Suite 160 Newport Beach CA US 92660 ,"The Metro Ethernet Forum's MEF 8, ""Implementation Agreement for the Emulation of PDH Circuits over Metro Ethernet Networks"", provides for the emulation of TDM services belonging to the Plesiochronous Digital Hierarchy (PDH) across a Metro Ethernet Network.  Specifically it covers emulation of Nx64 kbit/s, DS1, E1, DS3 and E3 circuits.  Generically this is referred to as Circuit Emulation Services over Ethernet (CESoETH)."
Ethertype,8900,Red Lion,820 S. University Blvd. Mobile AL US 36609 ,Red Lion Controls Inc. proprietary
Ethertype,88EB,"Aruba, a Hewlett Packard Enterprise Company",3333 Scott Blvd Santa Clara CA US 95054 ,This is an application for a second e-type from Aruba at this time.
Ethertype,8907,Zhejiang University,"Institute of Advanced Process Control,Zhejiang University Hangzhou Zhejiang CN 310027 ","DRP(Distributed Redundancy Protocol) is a high availability ethernet protocol developed by Zhejiang University. This protocol guarantee short recovery time in case of either link failure or switch failure. And in this protocol, all switches are distributed and equal without master and slave. This protocol is useful for ring/tree/star topology."
Ethertype,892F,International Electrotechnical Commission,"3, rue de Varembé Geneva GE CH CH-1211 ",High-availability Seamless Redundancy (HSR) protocol
Ethertype,88CD,sercos international e.V.,Küblerstrasse 1 Süssen Baden-Württemberg DE 73079 ,SERCOS interface 
Ethertype,B4E3,"Cable Television Laboratories, Inc (CableLabs)",858 Coal Creek Circle Louisville CO US 80027 ,Use for varies special communications on various projects
Ethertype,8392,Private,,Protocol unavailable.
Ethertype,8397,Private,,Protocol unavailable.
Ethertype,83EF,Private,,Protocol unavailable.
Ethertype,83F4,Private,,Protocol unavailable.
Ethertype,83F6,Private,,Protocol unavailable.
Ethertype,83F7,Private,,Protocol unavailable.
Ethertype,83F9,Private,,Protocol unavailable.
Ethertype,83A9,Private,,Protocol unavailable.
Ethertype,83AA,Private,,Protocol unavailable.
Ethertype,83B1,Private,,Protocol unavailable.
Ethertype,83B5,Private,,Protocol unavailable.
Ethertype,83FF,Private,,Protocol unavailable.
Ethertype,8402,Private,,Protocol unavailable.
Ethertype,8403,Private,,Protocol unavailable.
Ethertype,8405,Private,,Protocol unavailable.
Ethertype,839C,Private,,Protocol unavailable.
Ethertype,839D,Private,,Protocol unavailable.
Ethertype,83A8,Private,,Protocol unavailable.
Ethertype,83C4,Private,,Protocol unavailable.
Ethertype,83CE,Private,,Protocol unavailable.
Ethertype,83D1,Private,,Protocol unavailable.
Ethertype,840E,Private,,Protocol unavailable.
Ethertype,8415,Private,,Protocol unavailable.
Ethertype,83BA,Private,,Protocol unavailable.
Ethertype,83BE,Private,,Protocol unavailable.
Ethertype,83D4,Private,,Protocol unavailable.
Ethertype,"=""83E7""",Private,,Protocol unavailable.
Ethertype,843E,Private,,Protocol unavailable.
Ethertype,843F,Private,,Protocol unavailable.
Ethertype,8444,Private,,Protocol unavailable.
Ethertype,8447,Private,,Protocol unavailable.
Ethertype,8449,Private,,Protocol unavailable.
Ethertype,844A,Private,,Protocol unavailable.
Ethertype,844B,Private,,Protocol unavailable.
Ethertype,844C,Private,,Protocol unavailable.
Ethertype,8451,Private,,Protocol unavailable.
Ethertype,8458,Private,,Protocol unavailable.
Ethertype,8475,Private,,Protocol unavailable.
Ethertype,8477,Private,,Protocol unavailable.
Ethertype,847A,Private,,Protocol unavailable.
Ethertype,8416,Private,,Protocol unavailable.
Ethertype,8418,Private,,Protocol unavailable.
Ethertype,841F,Private,,Protocol unavailable.
Ethertype,8434,Private,,Protocol unavailable.
Ethertype,8436,Private,,Protocol unavailable.
Ethertype,843C,Private,,Protocol unavailable.
Ethertype,8459,Private,,Protocol unavailable.
Ethertype,8464,Private,,Protocol unavailable.
Ethertype,842D,Private,,Protocol unavailable.
Ethertype,848A,Private,,Protocol unavailable.
Ethertype,8496,Private,,Protocol unavailable.
Ethertype,84B2,Private,,Protocol unavailable.
Ethertype,84B4,Private,,Protocol unavailable.
Ethertype,84B5,Private,,Protocol unavailable.
Ethertype,84B6,Private,,Protocol unavailable.
Ethertype,84B7,Private,,Protocol unavailable.
Ethertype,84A1,Private,,Protocol unavailable.
Ethertype,84A6,Private,,Protocol unavailable.
Ethertype,84AA,Private,,Protocol unavailable.
Ethertype,84EE,Private,,Protocol unavailable.
Ethertype,84F1,Private,,Protocol unavailable.
Ethertype,84F9,Private,,Protocol unavailable.
Ethertype,"=""84E3""",Private,,Protocol unavailable.
Ethertype,"=""84E5""",Private,,Protocol unavailable.
Ethertype,84ED,Private,,Protocol unavailable.
Ethertype,84D8,Private,,Protocol unavailable.
Ethertype,84D9,Private,,Protocol unavailable.
Ethertype,84DD,Private,,Protocol unavailable.
Ethertype,850A,Private,,Protocol unavailable.
Ethertype,8510,Private,,Protocol unavailable.
Ethertype,84C2,Private,,Protocol unavailable.
Ethertype,84C3,Private,,Protocol unavailable.
Ethertype,84C8,Private,,Protocol unavailable.
Ethertype,84CF,Private,,Protocol unavailable.
Ethertype,8504,Private,,Protocol unavailable.
Ethertype,8506,Private,,Protocol unavailable.
Ethertype,8525,Private,,Protocol unavailable.
Ethertype,852B,Private,,Protocol unavailable.
Ethertype,852E,Private,,Protocol unavailable.
Ethertype,8530,Private,,Protocol unavailable.
Ethertype,8532,Private,,Protocol unavailable.
Ethertype,8533,Private,,Protocol unavailable.
Ethertype,8537,Private,,Protocol unavailable.
Ethertype,8538,Private,,Protocol unavailable.
Ethertype,8585,Private,,Protocol unavailable.
Ethertype,8586,Private,,Protocol unavailable.
Ethertype,8591,Private,,Protocol unavailable.
Ethertype,8517,Private,,Protocol unavailable.
Ethertype,8519,Private,,Protocol unavailable.
Ethertype,851D,Private,,Protocol unavailable.
Ethertype,855C,Private,,Protocol unavailable.
Ethertype,855D,Private,,Protocol unavailable.
Ethertype,857C,Private,,Protocol unavailable.
Ethertype,857E,Private,,Protocol unavailable.
Ethertype,8541,Private,,Protocol unavailable.
Ethertype,854B,Private,,Protocol unavailable.
Ethertype,854D,Private,,Protocol unavailable.
Ethertype,8574,Private,,Protocol unavailable.
Ethertype,861D,Private,,Protocol unavailable.
Ethertype,861F,Private,,Protocol unavailable.
Ethertype,8620,Private,,Protocol unavailable.
Ethertype,8622,Private,,Protocol unavailable.
Ethertype,8626,Private,,Protocol unavailable.
Ethertype,"=""85E6""",Private,,Protocol unavailable.
Ethertype,85ED,Private,,Protocol unavailable.
Ethertype,85EF,Private,,Protocol unavailable.
Ethertype,85F1,Private,,Protocol unavailable.
Ethertype,8597,Private,,Protocol unavailable.
Ethertype,8599,Private,,Protocol unavailable.
Ethertype,859A,Private,,Protocol unavailable.
Ethertype,859B,Private,,Protocol unavailable.
Ethertype,8611,Private,,Protocol unavailable.
Ethertype,8615,Private,,Protocol unavailable.
Ethertype,8619,Private,,Protocol unavailable.
Ethertype,861A,Private,,Protocol unavailable.
Ethertype,85F8,Private,,Protocol unavailable.
Ethertype,85FC,Private,,Protocol unavailable.
Ethertype,85FF,Private,,Protocol unavailable.
Ethertype,85B5,Private,,Protocol unavailable.
Ethertype,85B7,Private,,Protocol unavailable.
Ethertype,85BB,Private,,Protocol unavailable.
Ethertype,85C2,Private,,Protocol unavailable.
Ethertype,85C5,Private,,Protocol unavailable.
Ethertype,85C9,Private,,Protocol unavailable.
Ethertype,85CC,Private,,Protocol unavailable.
Ethertype,85CD,Private,,Protocol unavailable.
Ethertype,8602,Private,,Protocol unavailable.
Ethertype,867D,Private,,Protocol unavailable.
Ethertype,8681,Private,,Protocol unavailable.
Ethertype,8682,Private,,Protocol unavailable.
Ethertype,8685,Private,,Protocol unavailable.
Ethertype,8687,Private,,Protocol unavailable.
Ethertype,8688,Private,,Protocol unavailable.
Ethertype,8647,Private,,Protocol unavailable.
Ethertype,8649,Private,,Protocol unavailable.
Ethertype,864B,Private,,Protocol unavailable.
Ethertype,8652,Private,,Protocol unavailable.
Ethertype,8665,Private,,Protocol unavailable.
Ethertype,8666,Private,,Protocol unavailable.
Ethertype,8668,Private,,Protocol unavailable.
Ethertype,866A,Private,,Protocol unavailable.
Ethertype,868B,Private,,Protocol unavailable.
Ethertype,8692,Private,,Protocol unavailable.
Ethertype,8807,Private,,Protocol unavailable.
Ethertype,8671,Private,,Protocol unavailable.
Ethertype,8673,Private,,Protocol unavailable.
Ethertype,8676,Private,,Protocol unavailable.
Ethertype,862B,Private,,Protocol unavailable.
Ethertype,862D,Private,,Protocol unavailable.
Ethertype,863A,Private,,Protocol unavailable.
Ethertype,863F,Private,,Protocol unavailable.
Ethertype,E890,Telecor Inc.,6205 Kestrel Road Mississauga Ontario CA L5T 2A1 ,Telecor Inc. eSeries Communication Protocol
Ethertype,8930,"Google, Inc.",1600 Amphitheatre Parkway  Mountain View CA US 94043 ,"Layer II protocol for data center switches
"
Ethertype,AEFE,CPRI Cooperation c/o Ericsson AB,Torshamnsgatan 21 Stockholm  SE 164 40 ,The protocol for this Ethertype is specified by CPRI Industry Cooperation and found at http://www.cpri.info
Ethertype,A0ED,IETF 6lo working group,c/o Internet Society Reston VA US 20190-5108 ,"When carried over layer 2 technologies such as Ethernet, this ethertype
will be used to identify IPv6 datagrams using LoWPAN encapsulation as defined
in IETF RFC 4944 ""Transmission of IPv6 Packets over IEEE 802.15.4 Networks"""
Ethertype,88DB,Adtran Inc,901 Explorer Blvd. Huntsville AL US 35806 ,"Adtran does not currently wish to disclose it's protocols, but may desire to do so in the future."
Ethertype,D28B,Arista Networks,5453 Great America Parkway Santa Clara CA US 95054 ,We plan to use this Ethertype for multiple proprietary protocols.  They are still under development. We will disclose the protocols publicly once they are generally available.
Ethertype,"=""88E4""","VIA Technologies, Inc.","8F, 533, Chung-Cheng Road Hsin-Tien Taipei TW 231 ","Via NeTworking Switch Management Protocol (VNTSMP) provides one such solution. Switches that support VNTSMP send and receive VNTSMP PDU with one another. A switch without a CPU module (the Client) uses VNTSMP PDU (QUERY) to encapsulate control protocol PDU, such as BPDU, to the switch equipped with a CPU module (the Server) for processing. The Server then sends the Client a response PDU (REPLY) to tell it what action needs to be taken. The Server can also send a QUERY PDU to the Client for a snapshot of all statistics counters. The Client then returns it in one or more REPLY PDUs.
"
Ethertype,8949,"Mellanox Technologies, Inc.","350 Oakmead Parkway, Suite 100  Sunnyvale CA US 94085 ",Mellanox Remote Mirror Encapsulation
Ethertype,088A,Private,,Protocol unavailable.
Ethertype,81B9,"Xyplex, Inc.",0000 Concord MA US 0000 ,Protocol unavailable.
Ethertype,8208,"Xyplex, Inc.",330 Codman Hill Road Boxborough MA US 01719 ,Protocol unavailable.
Ethertype,820A,"Xyplex, Inc.",330 Codman Hill Road Boxborough MA US 01719 ,Protocol unavailable.
Ethertype,820D,"Xyplex, Inc.",330 Codman Hill Road Boxborough MA US 01719 ,Protocol unavailable.
Ethertype,8210,"Xyplex, Inc.",330 Codman Hill Road Boxborough MA US 01719 ,Protocol unavailable.
Ethertype,8216,"Xyplex, Inc.",330 Codman Hill Road Boxborough MA US 01719 ,Protocol unavailable.
Ethertype,88C8,Sony Interactive Entertainment Inc.,1-7-1 Konan Minato-ku Tokyo JP 108-0075 ,"In our protocol, only one field must be required. It is two byte ""sub-type"" field. We manage this sub-type and assign it to each application.  Acutual protocol in each application may be vary. If sub-type is allocated, its protocol and data format can be freely designed."
Ethertype,8874,Broadcom,2099 Gateway Place San Jose CA US 95110 ,Protocol unavailable.
Ethertype,81FE,"Cabletron Systems, Inc.",35 Industrial Way Rochester NH US 03867 ,Protocol unavailable.
Ethertype,8203,"Quantum Software Systems, Ltd.",175 Terence Matthews Cresent Ottawa Ontario CA K2M 1W8 ,Protocol unavailable.
Ethertype,81A6,RAD Network Devices Inc.,4455 Torrance Blvd. Torrance CA US 90503 ,Protocol unavailable.
Ethertype,81A9,RAD Network Devices Inc.,4455 Torrance Blvd. Torrance CA US 90503 ,Protocol unavailable.
Ethertype,8167,"Keithley Instruments, Inc.",Systems Division Cleveland OH US 44139 ,Protocol unavailable.
Ethertype,0660,Dlog,Gmbh D-8037 Olching  DE  ,Protocol unavailable.
Ethertype,875E,The University of Utah,Dept of Computer Science Salt Lake City UT US 84112 ,Protocol unavailable.
Ethertype,8762,The University of Utah,Dept of Computer Science Salt Lake City UT US 84112 ,Protocol unavailable.
Ethertype,8764,The University of Utah,Dept of Computer Science Salt Lake City UT US 84112 ,Protocol unavailable.
Ethertype,7023,LRT," Reading Berks, England GB  ",Protocol unavailable.
Ethertype,884F,Juniper Networks,1133 Innovation Way Sunnyvale CA US 94089 ,Protocol unavailable.
Ethertype,8779,Intel Corporation,2111 NE 25 Ave Hillsboro OR US 97124 ,Protocol unavailable.
Ethertype,877B,Intel Corporation,2111 NE 25 Ave Hillsboro OR US 97124 ,Protocol unavailable.
Ethertype,8774,Intel Corporation,2111 NE 25 Ave Hillsboro OR US 97124 ,Protocol unavailable.
Ethertype,8005,Hewlett Packard,Compaq drive Palo Alto CA US 77070 ,Protocol unavailable.
Ethertype,883E,"Cisco Systems, Inc",170 West Tasman Drive San Jose CA US 95134-1706 ,Protocol unavailable.
Ethertype,8841,"Cisco Systems, Inc",170 West Tasman Drive San Jose CA US 95134-1706 ,Protocol unavailable.
Ethertype,0102,Xerox (Experimental), Webster NY US  ,Protocol unavailable.
Ethertype,010A,Xerox (Experimental), Webster NY US  ,Protocol unavailable.
Ethertype,011E,Xerox (Experimental), Webster NY US  ,Protocol unavailable.
Ethertype,011F,Xerox (Experimental), Webster NY US  ,Protocol unavailable.
Ethertype,0120,Xerox (Experimental), Webster NY US  ,Protocol unavailable.
Ethertype,0124,Xerox (Experimental), Webster NY US  ,Protocol unavailable.
Ethertype,010C,Xerox (Experimental), Webster NY US  ,Protocol unavailable.
Ethertype,010E,Xerox (Experimental), Webster NY US  ,Protocol unavailable.
Ethertype,010F,Xerox (Experimental), Webster NY US  ,Protocol unavailable.
Ethertype,0116,Xerox (Experimental), Webster NY US  ,Protocol unavailable.
Ethertype,0143,Xerox (Experimental), Webster NY US  ,Protocol unavailable.
Ethertype,0146,Xerox (Experimental), Webster NY US  ,Protocol unavailable.
Ethertype,0147,Xerox (Experimental), Webster NY US  ,Protocol unavailable.
Ethertype,014A,Xerox (Experimental), Webster NY US  ,Protocol unavailable.
Ethertype,015A,Xerox (Experimental), Webster NY US  ,Protocol unavailable.
Ethertype,0161,Xerox (Experimental), Webster NY US  ,Protocol unavailable.
Ethertype,0167,Xerox (Experimental), Webster NY US  ,Protocol unavailable.
Ethertype,012A,Xerox (Experimental), Webster NY US  ,Protocol unavailable.
Ethertype,012F,Xerox (Experimental), Webster NY US  ,Protocol unavailable.
Ethertype,014C,Xerox (Experimental), Webster NY US  ,Protocol unavailable.
Ethertype,0151,Xerox (Experimental), Webster NY US  ,Protocol unavailable.
Ethertype,0135,Xerox (Experimental), Webster NY US  ,Protocol unavailable.
Ethertype,01F0,Xerox (Experimental), Webster NY US  ,Protocol unavailable.
Ethertype,01F1,Xerox (Experimental), Webster NY US  ,Protocol unavailable.
Ethertype,01F5,Xerox (Experimental), Webster NY US  ,Protocol unavailable.
Ethertype,01F8,Xerox (Experimental), Webster NY US  ,Protocol unavailable.
Ethertype,01F9,Xerox (Experimental), Webster NY US  ,Protocol unavailable.
Ethertype,01D5,Xerox (Experimental), Webster NY US  ,Protocol unavailable.
Ethertype,01D7,Xerox (Experimental), Webster NY US  ,Protocol unavailable.
Ethertype,01DD,Xerox (Experimental), Webster NY US  ,Protocol unavailable.
Ethertype,01DE,Xerox (Experimental), Webster NY US  ,Protocol unavailable.
Ethertype,01B9,Xerox (Experimental), Webster NY US  ,Protocol unavailable.
Ethertype,01BE,Xerox (Experimental), Webster NY US  ,Protocol unavailable.
Ethertype,01BF,Xerox (Experimental), Webster NY US  ,Protocol unavailable.
Ethertype,01C3,Xerox (Experimental), Webster NY US  ,Protocol unavailable.
Ethertype,01AC,Xerox (Experimental), Webster NY US  ,Protocol unavailable.
Ethertype,01AD,Xerox (Experimental), Webster NY US  ,Protocol unavailable.
Ethertype,01B3,Xerox (Experimental), Webster NY US  ,Protocol unavailable.
Ethertype,"=""01E8""",Xerox (Experimental), Webster NY US  ,Protocol unavailable.
Ethertype,"=""01E9""",Xerox (Experimental), Webster NY US  ,Protocol unavailable.
Ethertype,01EA,Xerox (Experimental), Webster NY US  ,Protocol unavailable.
Ethertype,01A3,Xerox (Experimental), Webster NY US  ,Protocol unavailable.
Ethertype,01A6,Xerox (Experimental), Webster NY US  ,Protocol unavailable.
Ethertype,0185,Xerox (Experimental), Webster NY US  ,Protocol unavailable.
Ethertype,018B,Xerox (Experimental), Webster NY US  ,Protocol unavailable.
Ethertype,0196,Xerox (Experimental), Webster NY US  ,Protocol unavailable.
Ethertype,0199,Xerox (Experimental), Webster NY US  ,Protocol unavailable.
Ethertype,017A,Xerox (Experimental), Webster NY US  ,Protocol unavailable.
Ethertype,8049,Private,,Protocol unavailable.
Ethertype,8060,Private,,Protocol unavailable.
Ethertype,0200,Private,,Protocol unavailable.
Ethertype,0805,Private,,Protocol unavailable.
Ethertype,8013,Private,,Protocol unavailable.
Ethertype,80C5,Private,,Protocol unavailable.
Ethertype,80D2,Private,,Protocol unavailable.
Ethertype,80F7,Private,,Protocol unavailable.
Ethertype,1010,Private,,Protocol unavailable.
Ethertype,1015,Private,,Protocol unavailable.
Ethertype,1019,Private,,Protocol unavailable.
Ethertype,1006,Private,,Protocol unavailable.
Ethertype,1007,Private,,Protocol unavailable.
Ethertype,1009,Private,,Protocol unavailable.
Ethertype,81D8,Private,,Protocol unavailable.
Ethertype,8280,Private,,Protocol unavailable.
Ethertype,1021,Private,,Protocol unavailable.
Ethertype,1023,Private,,Protocol unavailable.
Ethertype,807E,Private,,Protocol unavailable.
Ethertype,8782,Private,,Protocol unavailable.
Ethertype,1054,Private,,Protocol unavailable.
Ethertype,1055,Private,,Protocol unavailable.
Ethertype,1056,Private,,Protocol unavailable.
Ethertype,1059,Private,,Protocol unavailable.
Ethertype,105B,Private,,Protocol unavailable.
Ethertype,105E,Private,,Protocol unavailable.
Ethertype,106E,Private,,Protocol unavailable.
Ethertype,106F,Private,,Protocol unavailable.
Ethertype,1070,Private,,Protocol unavailable.
Ethertype,1073,Private,,Protocol unavailable.
Ethertype,1078,Private,,Protocol unavailable.
Ethertype,1036,Private,,Protocol unavailable.
Ethertype,1037,Private,,Protocol unavailable.
Ethertype,1038,Private,,Protocol unavailable.
Ethertype,1039,Private,,Protocol unavailable.
Ethertype,1042,Private,,Protocol unavailable.
Ethertype,1047,Private,,Protocol unavailable.
Ethertype,104B,Private,,Protocol unavailable.
Ethertype,104C,Private,,Protocol unavailable.
Ethertype,104E,Private,,Protocol unavailable.
Ethertype,102A,Private,,Protocol unavailable.
Ethertype,102B,Private,,Protocol unavailable.
Ethertype,102D,Private,,Protocol unavailable.
Ethertype,1034,Private,,Protocol unavailable.
Ethertype,107C,Private,,Protocol unavailable.
Ethertype,1080,Private,,Protocol unavailable.
Ethertype,1084,Private,,Protocol unavailable.
Ethertype,1087,Private,,Protocol unavailable.
Ethertype,108A,Private,,Protocol unavailable.
Ethertype,1090,Private,,Protocol unavailable.
Ethertype,1092,Private,,Protocol unavailable.
Ethertype,1095,Private,,Protocol unavailable.
Ethertype,10A1,Private,,Protocol unavailable.
Ethertype,10A2,Private,,Protocol unavailable.
Ethertype,1067,Private,,Protocol unavailable.
Ethertype,10DE,Private,,Protocol unavailable.
Ethertype,10DF,Private,,Protocol unavailable.
Ethertype,"=""10E2""",Private,,Protocol unavailable.
Ethertype,"=""10E3""",Private,,Protocol unavailable.
Ethertype,"=""10E5""",Private,,Protocol unavailable.
Ethertype,"=""10E8""",Private,,Protocol unavailable.
Ethertype,10B6,Private,,Protocol unavailable.
Ethertype,10B9,Private,,Protocol unavailable.
Ethertype,10BC,Private,,Protocol unavailable.
Ethertype,10BD,Private,,Protocol unavailable.
Ethertype,10C0,Private,,Protocol unavailable.
Ethertype,80AD,Private,,Protocol unavailable.
Ethertype,80B1,Private,,Protocol unavailable.
Ethertype,80B3,Private,,Protocol unavailable.
Ethertype,8083,Private,,Protocol unavailable.
Ethertype,10F7,Private,,Protocol unavailable.
Ethertype,10FB,Private,,Protocol unavailable.
Ethertype,10FC,Private,,Protocol unavailable.
Ethertype,6011,Private,,Protocol unavailable.
Ethertype,809D,Private,,Protocol unavailable.
Ethertype,80A4,Private,,Protocol unavailable.
Ethertype,80A5,Private,,Protocol unavailable.
Ethertype,10CF,Private,,Protocol unavailable.
Ethertype,10D1,Private,,Protocol unavailable.
Ethertype,10D4,Private,,Protocol unavailable.
Ethertype,10C3,Private,,Protocol unavailable.
Ethertype,10C7,Private,,Protocol unavailable.
Ethertype,10C9,Private,,Protocol unavailable.
Ethertype,10A6,Private,,Protocol unavailable.
Ethertype,10B1,Private,,Protocol unavailable.
Ethertype,10F2,Private,,Protocol unavailable.
Ethertype,10F4,Private,,Protocol unavailable.
Ethertype,8221,Ascom Banking Systems Ltd., Solothurn  CH  ,Protocol unavailable.
Ethertype,81F3,Private,,Protocol unavailable.
Ethertype,80CD,Private,,Protocol unavailable.
Ethertype,8133,Private,,Protocol unavailable.
Ethertype,8136,Private,,Protocol unavailable.
Ethertype,86DB,Private,,Protocol unavailable.
Ethertype,"=""86E1""",Private,,Protocol unavailable.
Ethertype,86EC,Private,,Protocol unavailable.
Ethertype,829D,Private,,Protocol unavailable.
Ethertype,829E,Private,,Protocol unavailable.
Ethertype,8726,Private,,Protocol unavailable.
Ethertype,8727,Private,,Protocol unavailable.
Ethertype,8757,Private,,Protocol unavailable.
Ethertype,82A1,Private,,Protocol unavailable.
Ethertype,82A4,Private,,Protocol unavailable.
Ethertype,82AB,Private,,Protocol unavailable.
Ethertype,200C,Private,,Protocol unavailable.
Ethertype,200D,Private,,Protocol unavailable.
Ethertype,2015,Private,,Protocol unavailable.
Ethertype,201A,Private,,Protocol unavailable.
Ethertype,"=""81E8""",Private,,Protocol unavailable.
Ethertype,2068,Private,,Protocol unavailable.
Ethertype,206C,Private,,Protocol unavailable.
Ethertype,206D,Private,,Protocol unavailable.
Ethertype,206E,Private,,Protocol unavailable.
Ethertype,206F,Private,,Protocol unavailable.
Ethertype,2072,Private,,Protocol unavailable.
Ethertype,2031,Private,,Protocol unavailable.
Ethertype,2034,Private,,Protocol unavailable.
Ethertype,2035,Private,,Protocol unavailable.
Ethertype,2038,Private,,Protocol unavailable.
Ethertype,2039,Private,,Protocol unavailable.
Ethertype,203C,Private,,Protocol unavailable.
Ethertype,204C,Private,,Protocol unavailable.
Ethertype,2052,Private,,Protocol unavailable.
Ethertype,2053,Private,,Protocol unavailable.
Ethertype,2056,Private,,Protocol unavailable.
Ethertype,2057,Private,,Protocol unavailable.
Ethertype,8706,Private,,Protocol unavailable.
Ethertype,8709,Private,,Protocol unavailable.
Ethertype,870A,Private,,Protocol unavailable.
Ethertype,870B,Private,,Protocol unavailable.
Ethertype,205D,Private,,Protocol unavailable.
Ethertype,2062,Private,,Protocol unavailable.
Ethertype,2063,Private,,Protocol unavailable.
Ethertype,"=""80E0""",Private,,Protocol unavailable.
Ethertype,813B,Private,,Protocol unavailable.
Ethertype,80C0,Private,,Protocol unavailable.
Ethertype,80DE,Private,,Protocol unavailable.
Ethertype,2073,Private,,Protocol unavailable.
Ethertype,207C,Private,,Protocol unavailable.
Ethertype,202D,Private,,Protocol unavailable.
Ethertype,202E,Private,,Protocol unavailable.
Ethertype,81D2,Private,,Protocol unavailable.
Ethertype,81D4,Private,,Protocol unavailable.
Ethertype,869F,Private,,Protocol unavailable.
Ethertype,FF00,Private,,Protocol unavailable.
Ethertype,819F,Private,,Protocol unavailable.
Ethertype,81A1,Private,,Protocol unavailable.
Ethertype,8164,Private,,Protocol unavailable.
Ethertype,815E,Private,,Protocol unavailable.
Ethertype,8265,Private,,Protocol unavailable.
Ethertype,8266,Private,,Protocol unavailable.
Ethertype,873A,Private,,Protocol unavailable.
Ethertype,8187,Private,,Protocol unavailable.
Ethertype,8188,Private,,Protocol unavailable.
Ethertype,818A,Private,,Protocol unavailable.
Ethertype,0844,Private,,Protocol unavailable.
Ethertype,8075,Private,,Protocol unavailable.
Ethertype,871E,Private,,Protocol unavailable.
Ethertype,8720,Private,,Protocol unavailable.
Ethertype,FF0A,Private,,Protocol unavailable.
Ethertype,FF0D,Private,,Protocol unavailable.
Ethertype,817F,Private,,Protocol unavailable.
Ethertype,8697,Private,,Protocol unavailable.
Ethertype,86DE,Private,,Protocol unavailable.
Ethertype,8A96,Private,,Protocol unavailable.
Ethertype,8A97,Private,,Protocol unavailable.
Ethertype,88B8,IEC TC57,"3, rue de Varembre Geneva 20  CH CH-1211 ","IEC 61850 is a global standard for the use in utility communication, in particular for the information exchange between IED's in a power transmission or distribution substation.

There are three types of application services that use a specific EtherType. GOOSE uses EtherType field 88b8, GSE management services uses EtherType field 88b9. These two protocols are defined in IEC 61850-8-1. SV (Sampled Value Transmission) uses EtherType field 88ba; the protocol is defined in IEC 61850-9-1 and IEC 61850-9-2."
Ethertype,888D,T11 Technical Committee,Sponsored by:  NCITS Secretariat Washington DC US 2005 ,"The ANSI FC-BB family of standards that have been developed, or are being developed within the INCITS T11 organization specify that all FC-BBW messages carry a fixed 8 byte Logical Link Control (LLC)/Sub Network Access Protocol (SNAP) field. The FC-BB-x LLC/SNAP header specifies an OUI of hex '00000' and requires a two byte PID that specifies Fibre Channel. This is really not something that should be assigned to a single company but instead be associated with the INCITS T11 organization or ANSI."
Ethertype,8017,Able Computers,   US  ,Protocol unavailable.
Ethertype,8018,Able Computers,   US  ,Protocol unavailable.
Ethertype,8146,Vrije Universiteit,De Boelelaan 1081 Amsterdam  NL  ,EtherType used by the Amoeba Distributed Operating System protocols
Ethertype,814E,BIIN, Hillsboro OR US  ,Protocol unavailable.
Ethertype,8812,Hypercom Network Systems, Phoenix AZ US  ,Hypercom Corporation uses the EtherType fields for their proprietary Integrated Enterprise Network(IEN) LAN-to-LAN protocols.
Ethertype,FFFF,RFC1701,   US  ,Protocol unavailable.
Ethertype,882B,"Assured Access Technology, Inc.",48499 Milmont Dr Fremont CA US 94538 ,Protocol unavailable.
Ethertype,82C3,"Walker Richer & Quinn, Inc.", Seattle WA US  ,Protocol unavailable.
Ethertype,82C7,"Walker Richer & Quinn, Inc.", Seattle WA US  ,Protocol unavailable.
Ethertype,82C9,"Walker Richer & Quinn, Inc.", Seattle WA US  ,Protocol unavailable.
Ethertype,82CF,"Walker Richer & Quinn, Inc.", Seattle WA US  ,Protocol unavailable.
Ethertype,82D7,"Walker Richer & Quinn, Inc.", Seattle WA US  ,Protocol unavailable.
Ethertype,82D8,"Walker Richer & Quinn, Inc.", Seattle WA US  ,Protocol unavailable.
Ethertype,82B2,"Walker Richer & Quinn, Inc.", Seattle WA US  ,Protocol unavailable.
Ethertype,82BB,"Walker Richer & Quinn, Inc.", Seattle WA US  ,Protocol unavailable.
Ethertype,82ED,"Walker Richer & Quinn, Inc.", Seattle WA US  ,Protocol unavailable.
Ethertype,82EE,"Walker Richer & Quinn, Inc.", Seattle WA US  ,Protocol unavailable.
Ethertype,82F1,"Walker Richer & Quinn, Inc.", Seattle WA US  ,Protocol unavailable.
Ethertype,82F2,"Walker Richer & Quinn, Inc.", Seattle WA US  ,Protocol unavailable.
Ethertype,82F3,"Walker Richer & Quinn, Inc.", Seattle WA US  ,Protocol unavailable.
Ethertype,82F4,"Walker Richer & Quinn, Inc.", Seattle WA US  ,Protocol unavailable.
Ethertype,82DC,"Walker Richer & Quinn, Inc.", Seattle WA US  ,Protocol unavailable.
Ethertype,82DD,"Walker Richer & Quinn, Inc.", Seattle WA US  ,Protocol unavailable.
Ethertype,82DF,"Walker Richer & Quinn, Inc.", Seattle WA US  ,Protocol unavailable.
Ethertype,"=""82E3""","Walker Richer & Quinn, Inc.", Seattle WA US  ,Protocol unavailable.
Ethertype,8355,"Walker Richer & Quinn, Inc.", Seattle WA US  ,Protocol unavailable.
Ethertype,835F,"Walker Richer & Quinn, Inc.", Seattle WA US  ,Protocol unavailable.
Ethertype,8360,"Walker Richer & Quinn, Inc.", Seattle WA US  ,Protocol unavailable.
Ethertype,8362,"Walker Richer & Quinn, Inc.", Seattle WA US  ,Protocol unavailable.
Ethertype,82FD,"Walker Richer & Quinn, Inc.", Seattle WA US  ,Protocol unavailable.
Ethertype,82FE,"Walker Richer & Quinn, Inc.", Seattle WA US  ,Protocol unavailable.
Ethertype,8302,"Walker Richer & Quinn, Inc.", Seattle WA US  ,Protocol unavailable.
Ethertype,8320,"Walker Richer & Quinn, Inc.", Seattle WA US  ,Protocol unavailable.
Ethertype,8322,"Walker Richer & Quinn, Inc.", Seattle WA US  ,Protocol unavailable.
Ethertype,8323,"Walker Richer & Quinn, Inc.", Seattle WA US  ,Protocol unavailable.
Ethertype,8305,"Walker Richer & Quinn, Inc.", Seattle WA US  ,Protocol unavailable.
Ethertype,832F,"Walker Richer & Quinn, Inc.", Seattle WA US  ,Protocol unavailable.
Ethertype,8352,"Walker Richer & Quinn, Inc.", Seattle WA US  ,Protocol unavailable.
Ethertype,8340,"Walker Richer & Quinn, Inc.", Seattle WA US  ,Protocol unavailable.
Ethertype,827C,Fischer & Porter Co.,East County Line Rd Westminster PA US 18974 ,Protocol unavailable.
Ethertype,827D,Fischer & Porter Co.,East County Line Rd Westminster PA US 18974 ,Protocol unavailable.
Ethertype,8853,"Japan Digital Laboratory Co., Ltd.",Hardware Development Headquarter Kawasaki-shi Kanagawa-ken 125 JP  ,Protocol unavailable.
Ethertype,8854,"Japan Digital Laboratory Co., Ltd.",Hardware Development Headquarter Kawasaki-shi Kanagawa-ken 125 JP  ,Protocol unavailable.
Ethertype,803F,DEC,   US  ,Protocol unavailable.
Ethertype,8040,DEC,   US  ,Protocol unavailable.
Ethertype,8114,Software Consulting Services,3162 Bike Path Nazareth PA US 18064 ,Protocol unavailable.
Ethertype,838E,"Walker Richer & Quinn, Inc.", Seattle WA US  ,Protocol unavailable.
Ethertype,8038,DEC,   US  ,Protocol unavailable.
Ethertype,803B,DEC,   US  ,Protocol unavailable.
Ethertype,8365,"Walker Richer & Quinn, Inc.", Seattle WA US  ,Protocol unavailable.
Ethertype,836E,"Walker Richer & Quinn, Inc.", Seattle WA US  ,Protocol unavailable.
Ethertype,8379,"Walker Richer & Quinn, Inc.", Seattle WA US  ,Protocol unavailable.
Ethertype,837D,"Walker Richer & Quinn, Inc.", Seattle WA US  ,Protocol unavailable.
Ethertype,8274,Extra Document,   US  ,Protocol unavailable.
Ethertype,884E,ESP/ANTEC,4920 Avalon Ridge Parkway   US  ,Protocol unavailable.
Ethertype,837E,"Walker Richer & Quinn, Inc.", Seattle WA US  ,Protocol unavailable.
Ethertype,4242,PCS Basic Block Protocol,   US  ,Protocol unavailable.
Ethertype,826E,Extra Document,   US  ,Protocol unavailable.
Ethertype,8876,"OpenDOF Project, Inc.",3855 SW 153rd Drive Beaverton OR US 97003 ,Protocol unavailable.
Ethertype,8950,ISO TC204 WG16,7705 San Isabel Dr. Plano Texas US 75025 ,"The Fast Networking and Transport Protocol (FNTP) is a ""stripped down"" networking and transport layer protocol that is essentially a ""port-mapping"" protocol with no networking overhead incurred at all.  It is intended for use in situations where channel capacity is limited (necessitation a minimal overhead protocol) and speed in processing of NPDUs is important.  The details of the protocol can be found in the ISO 29281 international standard."
Ethertype,885C,Philips Medizin Systeme Boblingen GmbH,Hewlett-Packard-Straße 2 Böblingen  DE 71034 ,This EtherType is used for real-time communication between medical devices.
Ethertype,8892,PROFIBUS International,Haid-und-Neu-Straße 7 Karlsruhe  DE D-76131 ,Protocol unavailable.
Ethertype,8943,Tektronix  Communications,3033 W. President George Bush Hwy Plano TX US 75075  ,Protocol unavailable.
Ethertype,893E,Coraid Inc.,"255 Shoreline Drive, Suite 650 Redwood City CA - California US 94065 ","EL is a connection-based, lightweight transport protocol, providing the transport layer for 9P protocol while avoiding the overhead and complexity of Internet Protocol within the same network broadcast domain. It provides retransmission of lost messages and in-sequence delivery, but has no flow control and no blind retransmission.

"
Ethertype,8938,HDBaseT Alliance,3855 SW 153rd Drive Beaverton OR US 97006 ,"""HDBaseT Control and Management Protocol (www.hdbaset.org)"""
Ethertype,892E,Ozmo Devices,2595 E. Bayshore Rd. Suite 100 Palo Alto CA US 94303 ,"A protocol to enable USB type data and USB type commands to be sent between two devices connected by an IEEE802 link, typically an IEEE802.11 link. The protocol allows encoding of all information that would normally be present in a wired USB request, such as request_id and rcode along with payload data. Defined header structures allow correct delivery of the required fields. The informaion provided through the protocol enables USB like behaviour to be implemented between wirelessly connected devices. www.ozmodevices.com
"
Ethertype,88B4,"Instant Wireless Network Communications, Co. Ltd.","4F X Xietong Building, No. 12 Gaoxin 2nd Xi' an,  US 710075 ","WAI is a new authentication protocol that will be used to access authentication in IP based networks. This protocol establishes a logic channel between a station and access equipment by using an EtherType Field to accomplish authentication. WAI can offer secure access control by mutual certificate authentication based on AS (authentication server).
WAI is more secure than the most existing authentication protocol and can protect network against attacks.
Now we want to request a new EtherType Field to distinguish our new protocol from all all existing protocol in actual network."
Ethertype,892C,China Broadband Wireless IP Standard group(ChinaBWIPS),100191-006#  Beijing  CN 100191 ,"TLP (TePA based LAN Privacy) protocol. 

Payload structure = TLP Ethertype (2 bytes) | Version(3 bits)|IsEncrypted(1 bit)| Encrypt mode (4bits)| Control Data (variable)|Secure Data(variable) |MIC(16 bytes)

"
Ethertype,22F3,IETF TRILL Working Group,c/o Internet Society Reston VA US 20190-5108 ,"TRILL combine the advantages of bridges and routers and is the application of link state routing to the VLAN aware customer bridging problem. The TRILL protocol is described in the base protocol document at http://tools.ietf.org/id/draft-ietf-trill-rbridge-protocol-15.txt
The final document can be found here: http://www.ietf.org/rfc/rfc6325.txt"
Ethertype,22EE,Huawei Technologies (Netherlands) B.V.,Karspeldreef 4 Amsterdam Z-O  NL 1101 CJ ,"   In transport network, there are many clients such as PPP, ATM, FC, etc. It is necessary to have an Ethernet type code which is followed by a 16-bit Subtype filed. The subtype field identify the client with specific requirement such as QoS. "
Ethertype,"=""22E8""","RAD Data Communications, Ltd.",24 Raoul Wallenberg St. Tel Aviv  IL 69719 ,"Ethernet bonding (inverse multiplexing) protocol. Ethernet bonding enables use of multiple low-datarate physical links to provide a high-datarate logical link, without identifying flows (as in LAG) or fragmenting frames (as in PME aggregation).
Ethernet bonding performs explicit differential delay compensation and explicit link bandwidth allocation.
Ethernet bonding can exploit links with different data-rates, and does not fragment packets. 

The Ethernet bonding header precedes the payload Ethertype.
For VLAN tagged frames it appears after the VLAN tag header.
The entire Ethernet bonding header (including Ethertype) is eight bytes in length. Following the Ethertype, there is a 2-octet &quot;sequence number&quot; field, a 1-octet &quot;version&quot; field that must be set to zero, a 1-octet &quot;reserved&quot; field for future use,
a 1-octet &quot;flags&quot; field (presently used to identify OAM messages), and a 1-octet &quot;group identifier and intermediate node traversal&quot; field.
"
Ethertype,88AF,Life Racing Limited,Unit 6 Repton Close Basildon Essex US SS13 1LE ,"Proprietary automotive control unit protocol used by UK OEM Life Racing
Ltd."
Ethertype,891A,Mobile Wireless Group,2111 NE 25th Ave Hillsboro OR US 97124 ,"The protocol for this Ethertype will allow for software above the driver to periodically send packets. The periodicity allows for significant power savings for devices operating on small batteries. The power saving nature of this protocol requires that it operate at the Ethertype level; it does not fit well into the context of the TCP/IP protocol suite.

Our first implementation used an unique OUI for Intel; however, the driver stack from Microsoft Vista requires the use of an EtherType, not an OUI value.
"
Ethertype,8913,Rohde & Schwarz SIT GmbH,Am Studio 3 Berlin  DE 12489 ,The ethertype is used for an ethernet security protocol used by ethernet link encryption devices manufactured by Rohde & Schwarz.
Ethertype,8911,Enea,1100 Park St NE Washington DC US 20002 ,"The complete description of the LINX protocol, and related documentation, may be found at:
	https://sourceforge.net/projects/linx/
This is the SourceForge web site. Look under Project/Web to direct you to the LINX homepage. Or you may go directly to the documents homepage at:
	http://linx.sourceforge.net
"
Ethertype,88F3,AlaxalA Networks Corporation,Shinkawasaki Mitsui Building West Tower 13F Kawasaki Kanagawa JP 212-0058 ,protocol unavailable
Ethertype,"=""88E6""",Nortel,M/S P7903B12 Santa Clara CA US 95054 ,Nortel Ethernet OAM protocol.
Ethertype,88BC,International Telecommunication Union - Telecommunication St,Place des Nations Geneva 20  CH CH-1211 ,Protocol unavailable.
Ethertype,88D9,Microsoft,1 Microsoft Way Redmond WA US 98052 ,"The protocol utilizes MAC layer encapsulation for point to point, point to multipoint and broadcast communication.  The protocol is used to interconnect devices for real-time and near-real time discovery, control and eventing."
Ethertype,88CE,"Level 5 Networks, Inc.","840 W. California Ave., STE 240 Sunnyvale CA US 94086 ","Type Protocol:

Remote Direct Memory Access over Ethernet (RDMAoE): a protocol for low-latency, low-overhead memory-to-memory communications among hosts interconnected by Ethernet
"
Ethertype,88AC,"Tenor Networks, Inc.",100 Nagog Park Acton MA US 01720-3409 ,Protocol unavailable.
Ethertype,88AA,Nokia Networks/IP Mobility Networks,P.O. Box 301   FI 00045 ,Protocol unavailable.
Ethertype,889F,Transition Networks,6475 City West Parkway Eden Prarie MN US 55344 ,Protocol unavailable.
Ethertype,8897,Phonex Broadband,6952 So. High Tech Dr. Midvale UT US 84047 ,Protocol unavailable.
Ethertype,888F,Lincom Wireless,5120 W. Goldleaf Circle Los Angeles CA US 90056 ,Protocol unavailable.
Ethertype,8886,Big Band Networks Ltd,3 Azrieli Towers Tel Aviv  IL 67093 ,Protocol unavailable.
Ethertype,887F,ESI,3701 E. Plano Parkway Plano TX US 75074 ,Protocol unavailable.
Ethertype,8877,Lucent Technologies,260 14th Street NW Atlanta GA US 30318 ,Protocol unavailable.
Ethertype,8878,Lucent Technologies Inc.,260 14th Street NW Atlanta GA US 30318 ,Protocol unavailable.
Ethertype,8875,Adaptive Broadband Corporation,175 Science Parkway Rochester NY US 14620 ,Protocol unavailable.
Ethertype,8873,Crescent Networks Inc.,201 Riverneck Road Chelmsford MA US 01842 ,Protocol unavailable.
Ethertype,884A,NBase Communications,8943 Fullbright Ave Chatsworth CA US 91311 ,Protocol unavailable.
Ethertype,8F02,Xerox,   US  ,Protocol unavailable.
Ethertype,8F05,Xerox,   US  ,Protocol unavailable.
Ethertype,8F07,Xerox,   US  ,Protocol unavailable.
Ethertype,8F09,Xerox,   US  ,Protocol unavailable.
Ethertype,8F0C,Xerox,   US  ,Protocol unavailable.
Ethertype,8F10,Xerox,   US  ,Protocol unavailable.
Ethertype,8F17,Xerox,   US  ,Protocol unavailable.
Ethertype,8F1E,Xerox,   US  ,Protocol unavailable.
Ethertype,8F25,Xerox,   US  ,Protocol unavailable.
Ethertype,8F61,Xerox,   US  ,Protocol unavailable.
Ethertype,8F62,Xerox,   US  ,Protocol unavailable.
Ethertype,8F64,Xerox,   US  ,Protocol unavailable.
Ethertype,8F67,Xerox,   US  ,Protocol unavailable.
Ethertype,8F68,Xerox,   US  ,Protocol unavailable.
Ethertype,8F6D,Xerox,   US  ,Protocol unavailable.
Ethertype,8F6E,Xerox,   US  ,Protocol unavailable.
Ethertype,8F72,Xerox,   US  ,Protocol unavailable.
Ethertype,8F94,Xerox,   US  ,Protocol unavailable.
Ethertype,8F95,Xerox,   US  ,Protocol unavailable.
Ethertype,8F9B,Xerox,   US  ,Protocol unavailable.
Ethertype,8F44,Xerox,   US  ,Protocol unavailable.
Ethertype,8F46,Xerox,   US  ,Protocol unavailable.
Ethertype,8F49,Xerox,   US  ,Protocol unavailable.
Ethertype,8F51,Xerox,   US  ,Protocol unavailable.
Ethertype,8F5C,Xerox,   US  ,Protocol unavailable.
Ethertype,8F2D,Xerox,   US  ,Protocol unavailable.
Ethertype,8F2F,Xerox,   US  ,Protocol unavailable.
Ethertype,8F39,Xerox,   US  ,Protocol unavailable.
Ethertype,8F7E,Xerox,   US  ,Protocol unavailable.
Ethertype,8F8C,Xerox,   US  ,Protocol unavailable.
Ethertype,8FF7,Xerox,   US  ,Protocol unavailable.
Ethertype,8FFA,Xerox,   US  ,Protocol unavailable.
Ethertype,8FFB,Xerox,   US  ,Protocol unavailable.
Ethertype,8FD9,Xerox,   US  ,Protocol unavailable.
Ethertype,8FDB,Xerox,   US  ,Protocol unavailable.
Ethertype,8FDC,Xerox,   US  ,Protocol unavailable.
Ethertype,8FDD,Xerox,   US  ,Protocol unavailable.
Ethertype,8FDF,Xerox,   US  ,Protocol unavailable.
Ethertype,8FE0,Xerox,   US  ,Protocol unavailable.
Ethertype,8FE2,Xerox,   US  ,Protocol unavailable.
Ethertype,8FA3,Xerox,   US  ,Protocol unavailable.
Ethertype,8FA5,Xerox,   US  ,Protocol unavailable.
Ethertype,8FA6,Xerox,   US  ,Protocol unavailable.
Ethertype,8FAB,Xerox,   US  ,Protocol unavailable.
Ethertype,8FC0,Xerox,   US  ,Protocol unavailable.
Ethertype,8FC2,Xerox,   US  ,Protocol unavailable.
Ethertype,8FC4,Xerox,   US  ,Protocol unavailable.
Ethertype,8FC6,Xerox,   US  ,Protocol unavailable.
Ethertype,8FCD,Xerox,   US  ,Protocol unavailable.
Ethertype,8FD2,Xerox,   US  ,Protocol unavailable.
Ethertype,8FD5,Xerox,   US  ,Protocol unavailable.
Ethertype,8FB7,Xerox,   US  ,Protocol unavailable.
Ethertype,8825,No Wires Needed BV,Spuistraat 73   NL  ,Protocol unavailable.
Ethertype,8826,No Wires Needed BV,Spuistraat 73   NL  ,Protocol unavailable.
Ethertype,3C11,3Com,5400 Bayfront Plaza Santa Clara CA US 95052 ,Protocol unavailable.
Ethertype,3C13,3Com,5400 Bayfront Plaza Santa Clara CA US 95052 ,Protocol unavailable.
Ethertype,3C1C,3Com,5400 Bayfront Plaza Santa Clara CA US 95052 ,Protocol unavailable.
Ethertype,3C1D,3Com,5400 Bayfront Plaza Santa Clara CA US 95052 ,Protocol unavailable.
Ethertype,87FE,Network Intelligence Inc.,1804 Embarcadero Road Palo Alto CA US 94303 ,Protocol unavailable.
Ethertype,8802,Network Intelligence Inc.,1804 Embarcadero Road Palo Alto CA US 94303 ,Protocol unavailable.
Ethertype,9047,TopWare/Grand Computer Corp.,"B1, No. 9, Lane 50, Section 3, Taipei  TW  ",Protocol unavailable.
Ethertype,9050,TopWare/Grand Computer Corp.,"B1, No. 9, Lane 50, Section 3, Taipei  TW  ",Protocol unavailable.
Ethertype,9051,TopWare/Grand Computer Corp.,"B1, No. 9, Lane 50, Section 3, Taipei  TW  ",Protocol unavailable.
Ethertype,9058,TopWare/Grand Computer Corp.,"B1, No. 9, Lane 50, Section 3, Taipei  TW  ",Protocol unavailable.
Ethertype,878A,CMG,Laan van Kronenburg 14 Postbus 412   NL  ,Protocol unavailable.
Ethertype,878C,CMG,Laan van Kronenburg 14 Postbus 412   NL  ,Protocol unavailable.
Ethertype,8768,"Metricom, Inc.",980 University Avenue Los Gatos CA US 95030 ,Protocol unavailable.
Ethertype,876A,"Metricom, Inc.",980 University Avenue Los Gatos CA US 95030 ,Protocol unavailable.
Ethertype,86F7,"Starlight Networks, Inc.",444 Castro Street Mountain View CA US 94041 ,Protocol unavailable.
Ethertype,876B,Cisco Systems,1525 O'Brien Dr Menlo Park CA US 94025 ,Protocol unavailable.
Ethertype,FEA5,NTT Electronics Technology Corp.,1-14-5 Kichijoji-Honmachi Musashino-shi Tokyo JP 180 ,Protocol unavailable.
Ethertype,FEA9,NTT Electronics Technology Corp.,1-14-5 Kichijoji-Honmachi Musashino-shi Tokyo JP 180 ,Protocol unavailable.
Ethertype,FEAD,NTT Electronics Technology Corp.,1-14-5 Kichijoji-Honmachi Musashino-shi Tokyo JP 180 ,Protocol unavailable.
Ethertype,878E,CMG,Laan van Kronenburg 14 Postbus 412   NL  ,Protocol unavailable.
Ethertype,878F,CMG,Laan van Kronenburg 14 Postbus 412   NL  ,Protocol unavailable.
Ethertype,8732,"Combinet, Inc.",333 West El Camino Real Sunnyvale CA US 94087 ,Protocol unavailable.
Ethertype,8753,Digital Ocean,35 Corporate Woods Overland Park KS US 66210 ,Protocol unavailable.
Ethertype,8754,Digital Ocean,35 Corporate Woods Overland Park KS US 66210 ,Protocol unavailable.
Ethertype,C22B,University of Berkeley,   US  ,Protocol unavailable.
Ethertype,C22D,University of Berkeley,   US  ,Protocol unavailable.
Ethertype,C020,University of Berkeley,   US  ,Protocol unavailable.
Ethertype,C022,University of Berkeley,   US  ,Protocol unavailable.
Ethertype,C025,University of Berkeley,   US  ,Protocol unavailable.
Ethertype,C028,University of Berkeley,   US  ,Protocol unavailable.
Ethertype,C02D,University of Berkeley,   US  ,Protocol unavailable.
Ethertype,C02F,University of Berkeley,   US  ,Protocol unavailable.
Ethertype,826B,Legent Corporation,LANSpy Development Manager Pittsburg PA US  15212 ,Protocol unavailable.
Ethertype,A580,Siemens Gammasonics,   US  ,Protocol unavailable.
Ethertype,8286,"Wang Laboratories, Inc.",M/S 013-390 Lowell MA US 95124 ,Protocol unavailable.
Ethertype,8287,"Wang Laboratories, Inc.",M/S 013-390 Lowell MA US 95124 ,Protocol unavailable.
Ethertype,8292,"Network-1, Inc.",PO Box 8370 Long Island City NY US 11101 ,Protocol unavailable.
Ethertype,8283,Xerox,   US  ,Protocol unavailable.
Ethertype,8223,Talaris Systems Inc.,6059 Cornerstone Court W. San Diego CA US 92196 ,Protocol unavailable.
Ethertype,8245,The Royal Hong Kong Jockey Club,Information Sys. Dept. Happy Valley  HK  ,Protocol unavailable.
Ethertype,8258,The Royal Hong Kong Jockey Club,Information Sys. Dept. Happy Valley  HK  ,Protocol unavailable.
Ethertype,825D,The Royal Hong Kong Jockey Club,Information Sys. Dept. Happy Valley  HK  ,Protocol unavailable.
Ethertype,8241,Compex,   US  ,Protocol unavailable.
Ethertype,8232,Tandem Computers,14231 Tendem Blvd. Austin TX US 78728 - 6610 ,Protocol unavailable.
Ethertype,8235,Tandem Computers,14231 Tendem Blvd. Austin TX US 78728 - 6610 ,Protocol unavailable.
Ethertype,8252,The Royal Hong Kong Jockey Club,Information Sys. Dept. Happy Valley  HK  ,Protocol unavailable.
Ethertype,8253,The Royal Hong Kong Jockey Club,Information Sys. Dept. Happy Valley  HK  ,Protocol unavailable.
Ethertype,81C9,Atlantix Corporatiion,5401 NW Broken Sound Blvd. Boca Raton FLA US 33431 ,Protocol unavailable.
Ethertype,81CB,Atlantix Corporatiion,5401 NW Broken Sound Blvd. Boca Raton FLA US 33431 ,Protocol unavailable.
Ethertype,"=""81E3""",System Designers Software Inc.,9 New England Executive Park Burlington MA US 01803 ,Protocol unavailable.
Ethertype,"=""81E4""",System Designers Software Inc.,9 New England Executive Park Burlington MA US 01803 ,Protocol unavailable.
Ethertype,4406,"Computer Generation, Inc.",3855 Presidential Pkwy Atlanta GA US 30340 ,Protocol unavailable.
Ethertype,8239,Thomson Sintra,"525, route des Dolines BP 138-06561 Valbinne Cedex FR  ",Protocol unavailable.
Ethertype,823A,Thomson Sintra,"525, route des Dolines BP 138-06561 Valbinne Cedex FR  ",Protocol unavailable.
Ethertype,81B1,Chipcom Corporation,195 Bear Hill Road Waltham MA US 02154 ,Protocol unavailable.
Ethertype,81B4,Chipcom Corporation,195 Bear Hill Road Waltham MA US 02154 ,Protocol unavailable.
Ethertype,8197,Dow Chemical U.S. A.,"1101 Building, Michigan Division Midland MI US 48667 ",Protocol unavailable.
Ethertype,8174,The NTI Group,801 Lincoln Road Santa Clara CA US 95051 ,Protocol unavailable.
Ethertype,8177,The NTI Group,801 Lincoln Road Santa Clara CA US 95051 ,Protocol unavailable.
Ethertype,81BD,"Saguaro Software, Ltd.",Box 36508 Tucson AZ US 85740 ,Protocol unavailable.
Ethertype,81BE,"Saguaro Software, Ltd.",Box 36508 Tucson AZ US 85740 ,Protocol unavailable.
Ethertype,8154,"BTS, Inc.",2300 South 2300 St. Salt Lake City UT 84119 US  ,Protocol unavailable.
Ethertype,8155,"BTS, Inc.",2300 South 2300 St. Salt Lake City UT 84119 US  ,Protocol unavailable.
Ethertype,816D,DSC Communications Corp.,3040 North First Street San Jose CA US 95134 ,Protocol unavailable.
Ethertype,816E,DSC Communications Corp.,3040 North First Street San Jose CA US 95134 ,Protocol unavailable.
Ethertype,8161,Mass. General Hospital,Cardiac Computer Ctr. Boston MA US 02114 ,Protocol unavailable.
Ethertype,80FE,Metier Management,3 Foundation Street Ipswich Suffolk GB 1P4 1BG Engl ,Protocol unavailable.
Ethertype,8142,Micronetics Design Corp.,5 Choke Cherry Rd Rockville MD US 20850 ,Protocol unavailable.
Ethertype,811A,Omnex Corporation,2483 Old Middlefield Way Mountain View CA US 94043 ,Protocol unavailable.
Ethertype,811B,Omnex Corporation,2483 Old Middlefield Way Mountain View CA US 94043 ,Protocol unavailable.
Ethertype,811E,Omnex Corporation,2483 Old Middlefield Way Mountain View CA US 94043 ,Protocol unavailable.
Ethertype,810E,Autotote Limited,One Hundred Bellevue Road Newark Delaware US 19714 - 6009 ,Protocol unavailable.
Ethertype,80B6,American Info. Tech. Inc.,10201 Torre Avenue Cupertino CA US 95014 ,Protocol unavailable.
Ethertype,80BA,American Info. Tech. Inc.,10201 Torre Avenue Cupertino CA US 95014 ,Protocol unavailable.
Ethertype,80BC,American Info. Tech. Inc.,10201 Torre Avenue Cupertino CA US 95014 ,Protocol unavailable.
Ethertype,80BD,American Info. Tech. Inc.,10201 Torre Avenue Cupertino CA US 95014 ,Protocol unavailable.
Ethertype,80D5,IBM Corp.,PO Box 12195 Research Triangle Park NC US 27709 ,Protocol unavailable.
Ethertype,80DA,IBM Corp.,PO Box 12195 Research Triangle Park NC US 27709 ,Protocol unavailable.
Ethertype,8104,Locus Computing Corp.,3330 Ocean Park Boulevard Santa Monica CA US 90405 ,Protocol unavailable.
Ethertype,8109,Locus Computing Corp.,3330 Ocean Park Boulevard Santa Monica CA US 90405 ,Protocol unavailable.
Ethertype,8037,GenRad,Component Test Division Bolton MA US 01740 ,Protocol unavailable.
Ethertype,806B,Ridge Computers,2451 Mission College Blvd. Santa Clara CA US 95054 ,Protocol unavailable.
Ethertype,8050,"Stanford Telecomm., Inc.",2421 Mission College Blvd. Santa Clara CA US 95050 ,Protocol unavailable.
Ethertype,8051,"Stanford Telecomm., Inc.",2421 Mission College Blvd. Santa Clara CA US 95050 ,Protocol unavailable.
Ethertype,8056,"Stanford Telecomm., Inc.",2421 Mission College Blvd. Santa Clara CA US 95050 ,Protocol unavailable.
Ethertype,8057,"Stanford Telecomm., Inc.",2421 Mission College Blvd. Santa Clara CA US 95050 ,Protocol unavailable.
Ethertype,8058,"Stanford Telecomm., Inc.",2421 Mission College Blvd. Santa Clara CA US 95050 ,Protocol unavailable.
Ethertype,0886,Tolerant Systems,81 East Daggett Drive San Jose CA US 95134 ,Protocol unavailable.
Ethertype,088B,Sentry/Schlumberger,1601 Technology Drive San  US  ,Protocol unavailable.
Ethertype,0890,Sentry/Schlumberger,1601 Technology Drive San  US  ,Protocol unavailable.
Ethertype,0892,Sentry/Schlumberger,1601 Technology Drive San  US  ,Protocol unavailable.
Ethertype,805E,Perq Data Systems,   US  ,Protocol unavailable.
Ethertype,8029,Metaphor,2500 Garcia Avenue Mountain View CA US 94043 ,Protocol unavailable.
Ethertype,8020,Mosaic Technologies,47 Manning Road Billerica MA US 01821-3970 ,Protocol unavailable.
Ethertype,6001,DEC,1925 Andover St. Tewksbury MA US 01876 ,Protocol unavailable.
Ethertype,6009,DEC,1925 Andover St. Tewksbury MA US 01876 ,Protocol unavailable.
Ethertype,8002,Cromemco,280 Bernardo Avenue Mountain View CA US 94043 ,Protocol unavailable.
Ethertype,7031,InterLan,160 Turnpike Road Chelmsford MA US 01824 ,Protocol unavailable.
Ethertype,801F,Able Computers,   US  ,Protocol unavailable.
Ethertype,8012,National Semiconductor,2900 Semiconductor Drive Santa Clara CA US 95051 ,Protocol unavailable.
Ethertype,7010,Olteco (Olevetti),   US  ,Protocol unavailable.
Ethertype,7016,Olteco (Olevetti),   US  ,Protocol unavailable.
Ethertype,7017,Olteco (Olevetti),   US  ,Protocol unavailable.
Ethertype,5005,Intel,   US  ,Protocol unavailable.
Ethertype,7003,Ungermann-Bass,   US  ,Protocol unavailable.
Ethertype,8955,Megapixel VR,340 S. Lemon Ave Walnut CA US 91789 ,"High efficiency, low latency proprietary streaming data distribution protocol."
Ethertype,22F0,	IEEE 1722 Working Group,1722 Chair c/o IEEE Piscataway NJ US 08854 ,IEEE Std. 1722-2016 Transport Protocol for Time-Sensitive Applications in Bridged Local Area Networks
Ethertype,F8DB,Schindler Elevator Ltd.,Zugerstrasse 13 Ebikon  CH 6030 ,Real time protocol for control and safety functions for elevators and escalators
Ethertype,88FB, International Electrotechnical Commission,"3, rue de Varembé  GENEVA 20  CH CH - 1211 ","The IEC 62439 PRP protocol operates by sending the normal (IP,..) Ethernet frames over two independent networks, while appending the frames (except BPDUs) with a redundancy control trailer to help the receiver in discarding the duplicates. 
The Ethertype identifies supervision frames that check the livelyness and presence or absence of nodes.
URL:"
Ethertype,86BE,"Software Technology, Inc.",1511 Park Ave Melbourne FL US 32901 ,Protocol unavailable.
Ethertype,86C0,"Software Technology, Inc.",1511 Park Ave Melbourne FL US 32901 ,Protocol unavailable.
Ethertype,86C7,"Software Technology, Inc.",1511 Park Ave Melbourne FL US 32901 ,Protocol unavailable.
Ethertype,86C8,"Software Technology, Inc.",1511 Park Ave Melbourne FL US 32901 ,Protocol unavailable.
Ethertype,86CB,"Software Technology, Inc.",1511 Park Ave Melbourne FL US 32901 ,Protocol unavailable.
Ethertype,86CD,"Software Technology, Inc.",1511 Park Ave Melbourne FL US 32901 ,Protocol unavailable.
Ethertype,86DA,"Software Technology, Inc.",1511 Park Ave Melbourne FL US 32901 ,Protocol unavailable.
Ethertype,879E,Qualcomm Inc.,6455 Lusk Blvd. San Diego CA US 92121-2779 ,Protocol unavailable.
Ethertype,87A0,Qualcomm Inc.,6455 Lusk Blvd. San Diego CA US 92121-2779 ,Protocol unavailable.
Ethertype,87A1,Qualcomm Inc.,6455 Lusk Blvd. San Diego CA US 92121-2779 ,Protocol unavailable.
Ethertype,87A2,Qualcomm Inc.,6455 Lusk Blvd. San Diego CA US 92121-2779 ,Protocol unavailable.
Ethertype,87A3,Qualcomm Inc.,6455 Lusk Blvd. San Diego CA US 92121-2779 ,Protocol unavailable.
Ethertype,8796,Qualcomm Inc.,6455 Lusk Blvd. San Diego CA US 92121-2779 ,Protocol unavailable.
Ethertype,8798,Qualcomm Inc.,6455 Lusk Blvd. San Diego CA US 92121-2779 ,Protocol unavailable.
Ethertype,8799,Qualcomm Inc.,6455 Lusk Blvd. San Diego CA US 92121-2779 ,Protocol unavailable.
Ethertype,879A,Qualcomm Inc.,6455 Lusk Blvd. San Diego CA US 92121-2779 ,Protocol unavailable.
Ethertype,87B2,Qualcomm Inc.,6455 Lusk Blvd. San Diego CA US 92121-2779 ,Protocol unavailable.
Ethertype,87B4,Qualcomm Inc.,6455 Lusk Blvd. San Diego CA US 92121-2779 ,Protocol unavailable.
Ethertype,87DD,Qualcomm Inc.,6455 Lusk Blvd. San Diego CA US 92121-2779 ,Protocol unavailable.
Ethertype,"=""87E3""",Qualcomm Inc.,6455 Lusk Blvd. San Diego CA US 92121-2779 ,Protocol unavailable.
Ethertype,"=""87E6""",Qualcomm Inc.,6455 Lusk Blvd. San Diego CA US 92121-2779 ,Protocol unavailable.
Ethertype,87EA,Qualcomm Inc.,6455 Lusk Blvd. San Diego CA US 92121-2779 ,Protocol unavailable.
Ethertype,87ED,Qualcomm Inc.,6455 Lusk Blvd. San Diego CA US 92121-2779 ,Protocol unavailable.
Ethertype,87D3,Qualcomm Inc.,6455 Lusk Blvd. San Diego CA US 92121-2779 ,Protocol unavailable.
Ethertype,87D7,Qualcomm Inc.,6455 Lusk Blvd. San Diego CA US 92121-2779 ,Protocol unavailable.
Ethertype,87DB,Qualcomm Inc.,6455 Lusk Blvd. San Diego CA US 92121-2779 ,Protocol unavailable.
Ethertype,87F1,Qualcomm Inc.,6455 Lusk Blvd. San Diego CA US 92121-2779 ,Protocol unavailable.
Ethertype,87F3,Qualcomm Inc.,6455 Lusk Blvd. San Diego CA US 92121-2779 ,Protocol unavailable.
Ethertype,87FA,Qualcomm Inc.,6455 Lusk Blvd. San Diego CA US 92121-2779 ,Protocol unavailable.
Ethertype,87B9,Qualcomm Inc.,6455 Lusk Blvd. San Diego CA US 92121-2779 ,Protocol unavailable.
Ethertype,8808,IEEE 802.3 Working Group,"IEEE 802.3 Chair, c/o RAC Administrator, IEEE  Piscataway NJ US 08854 ",MAC Control as defined in IEEE std 802.3
Ethertype,88F5,IEEE 802.1 Chair," c/o RAC Administrator , IEEE Piscataway NJ US 08554 ","Multiple VLAN Registration Protocol (MVRP) defined in IEEE Std 802.1Q 
"
Ethertype,88B6,IEEE 802.1 Chair," c/o RAC Administrator , IEEE Piscataway NJ US 08554 ",Local Experimental EtherType 2 as defined in IEEE Std 802.  This EtherType value is available for public use and for prototype and vendor-specific protocol development.
Ethertype,88CC,IEEE 802.1 Chair," c/o RAC Administrator , IEEE Piscataway NJ US 08554 ",Link Layer Discovery Protocol (LLDP) defined in IEEE Std 802.1AB
Ethertype,22EA,IEEE 802.1 Chair," c/o RAC Administrator , IEEE Piscataway NJ US 08554 ",Stream Reservation Protocol (SRP) defined in IEEE Std 802.1Q
Ethertype,8940,IEEE 802.1 Chair," c/o RAC Administrator , IEEE Piscataway NJ US 08554 ","Edge Control Protocol (ECP) defined in IEEE Std 802.1Q for use with IEEE Std 802.1BR
http://www.ieee802.org/1/files/private/bg-drafts/d2/802-1qbg-d2-0.pdf

user: p8021
pass: go_wildcats"
Ethertype,8910,IEEE 802.1 Working Group,"IEEE 802.1 Chair, c/o RAC Administrator IEEE Piscataway NJ US 08854  ",Encapsulated Addresses for use with the Backbone Service Instance as defined in IEEE Std 802.1Q
Ethertype,880B,US Robotics Corporation,"1300 E. Woodfield Roar, Suite: 506 Schaumburg IL US 60173 ",PPP - IETF RFC 2637
Ethertype,0B01,University of Berkeley,   US  ,Real Time Internet Protocol scheme 2
Ethertype,0B07,University of Berkeley,   US  ,Berkeley Reserved
Ethertype,8743,Siemens  AG,Otto-Han-Ring-6 Munich  DE D-81739 ,Protocol unavailable.
Ethertype,8745,Siemens  AG,Otto-Han-Ring-6 Munich  DE D-81739 ,Protocol unavailable.
Ethertype,8748,Hybrid,20863 Stevens Creek Blvd. Cupertino CA US 95014-8750 ,Protocol unavailable.
Ethertype,874F,Hybrid,20863 Stevens Creek Blvd. Cupertino CA US 95014-8750 ,Protocol unavailable.
Ethertype,8750,Hybrid,20863 Stevens Creek Blvd. Cupertino CA US 95014-8750 ,Protocol unavailable.
Ethertype,8908,Waves Audio LTD,"Azrilei Center 3, Triangle tower Tel Aviv Central IL 67023 ","Following the EtherType are the following fields, 2 bytes each in little-endian order:
Workgroup ID, Destination LUN, Source LUN, Opcode. The combination of the first three fields along with the Ethernet address is used for classifying packets into flows. The Opcode field determines the structure of the information contained in the remaining part of the packet. Detailed information regarding the packet structure for different opcode values is not being made public at this time."
Ethertype,88EA,"Aruba, a Hewlett Packard Enterprise Company",3333 Scott Blvd Santa Clara CA US 95054 ,For the use of transferring a new security authentication and encryption protocol between two devices at the L2 layer.  The protocol will transfer 802.1x and 256 bit AES-CBC encrypted frames across wired and wireless devices by encapsulating L2 packets.  The new ether type is needed to identify and differentiate from other packets in order to apply the the proper decryption functions.
Ethertype,88D6,"Aruba, a Hewlett Packard Enterprise Company",3333 Scott Blvd Santa Clara CA US 95054 ,Aruba Networks L2 AES
Ethertype,88DC,IEEE P1609 WG,3800 N Fairfax Drive #207 Arlington VA US 22203-1759 , (WAVE) Short Message Protocol (WSM) 
Ethertype,88AB,ETHERNET Powerlink Standarization Group (EPSG),Gebaude E301 Winterthur  US CH-8401 ,ETHERNET Powerlink (EPL)
Ethertype,86DD,USC/ISI,4676 Admiralty Way Marina del Rey CA US 90292 ,Internet Protocol Version 6 (IPV6)
Ethertype,8395,Private,,Protocol unavailable.
Ethertype,83BF,Private,,Protocol unavailable.
Ethertype,83C0,Private,,Protocol unavailable.
Ethertype,83C1,Private,,Protocol unavailable.
Ethertype,83C2,Private,,Protocol unavailable.
Ethertype,83C8,Private,,Protocol unavailable.
Ethertype,83A5,Private,,Protocol unavailable.
Ethertype,83A6,Private,,Protocol unavailable.
Ethertype,83A7,Private,,Protocol unavailable.
Ethertype,83AB,Private,,Protocol unavailable.
Ethertype,83D3,Private,,Protocol unavailable.
Ethertype,83D6,Private,,Protocol unavailable.
Ethertype,83D7,Private,,Protocol unavailable.
Ethertype,"=""83E9""",Private,,Protocol unavailable.
Ethertype,83EA,Private,,Protocol unavailable.
Ethertype,83F3,Private,,Protocol unavailable.
Ethertype,83DD,Private,,Protocol unavailable.
Ethertype,"=""83E4""",Private,,Protocol unavailable.
Ethertype,83A0,Private,,Protocol unavailable.
Ethertype,83A4,Private,,Protocol unavailable.
Ethertype,83FA,Private,,Protocol unavailable.
Ethertype,83FD,Private,,Protocol unavailable.
Ethertype,83B7,Private,,Protocol unavailable.
Ethertype,8423,Private,,Protocol unavailable.
Ethertype,8425,Private,,Protocol unavailable.
Ethertype,842A,Private,,Protocol unavailable.
Ethertype,842B,Private,,Protocol unavailable.
Ethertype,842F,Private,,Protocol unavailable.
Ethertype,8430,Private,,Protocol unavailable.
Ethertype,8431,Private,,Protocol unavailable.
Ethertype,8439,Private,,Protocol unavailable.
Ethertype,8456,Private,,Protocol unavailable.
Ethertype,845F,Private,,Protocol unavailable.
Ethertype,8462,Private,,Protocol unavailable.
Ethertype,8407,Private,,Protocol unavailable.
Ethertype,8408,Private,,Protocol unavailable.
Ethertype,8467,Private,,Protocol unavailable.
Ethertype,846E,Private,,Protocol unavailable.
Ethertype,8413,Private,,Protocol unavailable.
Ethertype,841E,Private,,Protocol unavailable.
Ethertype,8441,Private,,Protocol unavailable.
Ethertype,8446,Private,,Protocol unavailable.
Ethertype,8472,Private,,Protocol unavailable.
Ethertype,847D,Private,,Protocol unavailable.
Ethertype,844E,Private,,Protocol unavailable.
Ethertype,8452,Private,,Protocol unavailable.
Ethertype,84C4,Private,,Protocol unavailable.
Ethertype,84C6,Private,,Protocol unavailable.
Ethertype,84C7,Private,,Protocol unavailable.
Ethertype,84B8,Private,,Protocol unavailable.
Ethertype,84BA,Private,,Protocol unavailable.
Ethertype,84BE,Private,,Protocol unavailable.
Ethertype,849B,Private,,Protocol unavailable.
Ethertype,849E,Private,,Protocol unavailable.
Ethertype,84A5,Private,,Protocol unavailable.
Ethertype,8481,Private,,Protocol unavailable.
Ethertype,8483,Private,,Protocol unavailable.
Ethertype,8489,Private,,Protocol unavailable.
Ethertype,84D0,Private,,Protocol unavailable.
Ethertype,84D4,Private,,Protocol unavailable.
Ethertype,84D5,Private,,Protocol unavailable.
Ethertype,848D,Private,,Protocol unavailable.
Ethertype,8498,Private,,Protocol unavailable.
Ethertype,"=""84E8""",Private,,Protocol unavailable.
Ethertype,84EC,Private,,Protocol unavailable.
Ethertype,84B1,Private,,Protocol unavailable.
Ethertype,"=""84E4""",Private,,Protocol unavailable.
Ethertype,853B,Private,,Protocol unavailable.
Ethertype,853C,Private,,Protocol unavailable.
Ethertype,853D,Private,,Protocol unavailable.
Ethertype,853F,Private,,Protocol